<t t-name="template_ad_internal_request_dashboard" owl="1">
    <div class="o_action o_view_controller">
        <div class="o_content">
            <section class="p-4">
                <h3 class="mb-3">Internal Request Dashboard</h3>

                <!-- ===== Top KPI Cards ===== -->
                <div class="row mb-3 g-3">
                    <!-- 1) Total Requests -->
                    <div class="col-12 col-md-6 col-lg-3">
                        <div class="card text-center p-3 shadow-sm"
                             style="cursor:pointer; background-color:#ff8c00; color:white; height:120px; display:flex; align-items:center; justify-content:center;"
                             t-on-click="openRequestList">
                            <div>
                                <h5 class="mb-1">Total Requests</h5>
                                <div class="display-6" t-esc="totalRequests"/>
                            </div>
                        </div>
                    </div>

                    <!-- 2) Top 5 Expensive -->
                    <div class="col-12 col-md-6 col-lg-3">
                        <div class="card text-center p-3 shadow-sm"
                             style="cursor:pointer; background-color:#ffa74f; color:white; height:120px; display:flex; align-items:center; justify-content:center;"
                             t-on-click="openTop5List">
                            <div>
                                <h5 class="mb-1">Top 5 Expensive</h5>
                                <div class="display-6" t-esc="topRequests.length + ' Records'"/>
                            </div>
                        </div>
                    </div>

                    <!-- 3) Top 5 Requested Products -->
                    <div class="col-12 col-md-6 col-lg-3">
                        <div class="card text-center p-3 shadow-sm"
                             style="cursor:pointer; background-color:#ffe082; color:black; height:120px; display:flex; align-items:center; justify-content:center;"
                             t-on-click="openTopProducts">
                            <div>
                                <h5 class="mb-1">Top 5 Requested Products</h5>
                                <div class="display-6" t-esc="topProducts.length + ' Products'"/>
                            </div>
                        </div>
                    </div>

                    <!-- 4) Total Amount (sum of all request.product.lines) -->
                    <div class="col-12 col-md-6 col-lg-3">
                        <div class="card text-center p-3 shadow-sm"
                             style="cursor:pointer; background-color:#61FFA6; color:black; height:120px; display:flex; align-items:center; justify-content:center;"
                             t-on-click="openTotalAmountLines">
                            <div>
                                <h5 class="mb-1">Total Amount</h5>
                                <div class="display-6">
                                    <t t-esc="(totalAmountAllLines || 0).toLocaleString()"/> 
                                    <t t-esc="currencySymbol"/>
                                </div>
                            </div>
                        </div>
                    </div>
                </div>

                <!-- ===== Chart ===== -->
                <div class="row">
                    <div class="col-12">
                        <div class="card p-3 shadow-sm">
                            <h5>Requests by Type</h5>
                            <canvas t-ref="chartCanvas" height="300"></canvas>
                        </div>
                    </div>
                </div>

                <!-- ===== Tables ===== -->
                <div class="row mt-3">
                    <!-- Top 10 Products -->
                    <div class="col-12 col-lg-6">
                        <div class="card p-3 shadow-sm">
                            <div class="d-flex justify-content-between align-items-center mb-2">
                                <h5 class="mb-0">Top 10 Requested Products</h5>
                                <small class="text-muted" t-esc="top10Products.length + ' items'"/>
                            </div>
                            <div class="table-responsive">
                                <table class="table table-sm align-middle mb-0">
                                    <thead class="table-light">
                                        <tr>
                                            <th>Product</th>
                                            <th class="text-end">Count</th>
                                        </tr>
                                    </thead>
                                    <tbody>
                                        <t t-foreach="top10Products" t-as="p" t-key="p.id">
                                            <tr>
                                                <td>
                                                    <span t-esc="p.name"/>
                                                </td>
                                                <td class="text-end">
                                                    <span t-esc="p.count"/>
                                                </td>
                                            </tr>
                                        </t>
                                        <t t-if="!top10Products.length">
                                            <tr>
                                                <td colspan="2" class="text-center text-muted">No data</td>
                                            </tr>
                                        </t>
                                    </tbody>
                                </table>
                            </div>
                        </div>
                    </div>

                    <!-- Top 10 Requests by Amount -->
                    <div class="col-12 col-lg-6">
                        <div class="card p-3 shadow-sm">
                            <div class="d-flex justify-content-between align-items-center mb-2">
                                <h5 class="mb-0">Top 10 Internal Requests by Amount</h5>
                                <small class="text-muted" t-esc="top10RequestsByAmount.length + ' records'"/>
                            </div>
                            <div class="table-responsive">
                                <table class="table table-sm align-middle mb-0">
                                    <thead class="table-light">
                                        <tr>
                                            <th>Request</th>
                                            <th class="text-end">Total</th>
                                        </tr>
                                    </thead>
                                    <tbody>
                                        <t t-foreach="top10RequestsByAmount" t-as="r" t-key="r.id">
                                            <tr>
                                                <td>
                                                    <span t-esc="r.name"/>
                                                </td>
                                                <td class="text-end">
                                                    <t t-esc="(r.total_amount || 0).toLocaleString()"/>
                                                </td>
                                            </tr>
                                        </t>
                                        <t t-if="!top10RequestsByAmount.length">
                                            <tr>
                                                <td colspan="2" class="text-center text-muted">No data</td>
                                            </tr>
                                        </t>
                                    </tbody>
                                </table>
                            </div>
                        </div>
                    </div>
                </div>

                <div class="row mt-3 g-3 justify-content-center">
                    <!-- Total Requests Card -->
                    <div class="col-12 col-md-4">
                        <div class="card text-center p-3 shadow-sm"
                             style="cursor:pointer; background-color:#39F5F7; color:white; height:150px; display:flex; align-items:center; justify-content:center; border-radius:12px;"
                             t-on-click="openRequestList">
                            <div>
                                <h5 class="mb-2">Total Requests</h5>
                                <div class="display-5 fw-bold" t-esc="totalRequests"/>
                            </div>
                        </div>
                    </div>

                    <!-- Reimbursement Lines Total Card -->
                    <div class="col-12 col-md-4">
                        <div class="card text-center p-3 shadow-sm"
                             style="cursor:pointer; background-color:#FF96D4; color:white; height:150px; display:flex; align-items:center; justify-content:center; border-radius:12px;"
                             t-on-click="openReimbLines">
                            <div>
                                <h5 class="mb-2">Reimbursement Lines Total</h5>
                                <div class="display-5 fw-bold">
                                    <t t-esc="(reimbLinesTotal || 0).toLocaleString()"/>
                                    <t t-esc="reimbLinesSymbol"/>
                                </div>
                            </div>
                        </div>
                    </div>
                </div>


            </section>
        </div>
    </div>
</t>
