<?xml version="1.0" encoding="UTF-8"?>
<templates id="template" xml:space="preserve">
    <t t-name="VsInternalRequest.StatusbarDynamicWidget" owl="1">
        <div class="vs-statusbar-dynamic" style="display: flex; align-items: center; gap: 0;">
            <t t-foreach="state.stages" t-as="stage" t-key="stage.id" t-foreach-index="i">
                <div class="vs-statusbar-step-container" style="display: flex; align-items: center;">
                    <t t-if="i > 0">
                        <!-- استبدال الخط بالسهم -->
                        <div class="vs-statusbar-arrow">→</div>
                    </t>
                    <div
                        t-att-class="'vs-statusbar-step' + (stage.is_current ? ' vs-statusbar-step-current' : '')"
                        t-on-click="() => selectStage(stage.id)"
                    >
                        <span class="vs-step-num">
                            <t t-esc="stage.name"/>
                        </span>
                    </div>
                </div>
            </t>
        </div>
        <style>
            .vs-statusbar-dynamic {
                margin-bottom: 8px;
            }
            .vs-statusbar-step-container {
                position: relative;
                flex-direction: row;
            }
            .vs-statusbar-step {
                width: 34px; height: 34px; border-radius: 50%;
                background: #e7eaf1; color: #98a3b9; border: 2px solid #d1d7e6;
                font-weight: bold; font-size: 18px;
                display: flex; align-items: center; justify-content: center;
                cursor: pointer; transition: 0.3s all;
                box-shadow: 0 2px 6px rgba(30,42,83,0.04);
                z-index: 2;
            }
            .vs-statusbar-step-current {
                background: #377eea;
                color: #fff;
                border-color: #377eea;
                box-shadow: 0 6px 20px rgba(55,126,234,0.15);
            }
            .vs-statusbar-step:hover:not(.vs-statusbar-step-current) {
                border-color: #377eea;
                color: #377eea;
                background: #dde7fb;
            }
            .vs-statusbar-arrow {
                margin: 0 5px;
                font-size: 20px;
                color: #98a3b9;
                display: flex;
                align-items: center;
                    font-family: Arial, sans-serif;

            }
            .vs-step-num { user-select: none; }
        </style>
    </t>
</templates>