<?xml version="1.0" encoding="UTF-8" ?>
<odoo>
    <!-- Service User Group -->
    <record id="group_service_previous_stage" model="res.groups">
        <field name="name">Can go to Previous Stage</field>
    </record>
    <record id="module_category_services" model="ir.module.category">
        <field name="name">Services</field>
        <field name="sequence">20</field>
    </record>

    <record id="group_service_user" model="res.groups">
        <field name="name">Service User</field>
        <field name="category_id" ref="base.module_category_services"/>
    </record>
    <record id="group_service_request_edit" model="res.groups">
        <field name="name">Can Edit Service Request</field>
        <field name="category_id" ref="base.module_category_services"/>
    </record>
    <record id="group_service_manager" model="res.groups">
    <field name="name">Service Manager</field>
    <field name="category_id" ref="base.module_category_services"/>
</record>



</odoo>
