<?xml version="1.0" encoding="UTF-8"?>
<odoo>
    <record id="group_budget_viewer" model="res.groups">
        <field name="name">Budget Viewer</field>
        <field name="category_id" ref="base.module_category_hidden"/>
    </record>
    <record id="group_internal_user" model="res.groups">
        <field name="name">Internal: Own Requests Only</field>
        <field name="category_id" ref="base.module_category_hidden"/>
    </record>
    <record id="group_internal_edit" model="res.groups">
        <field name="name">Internal: Edit Own Requests</field>
        <field name="category_id" ref="base.module_category_hidden"/>
    </record>
    <record id="group_internal_delete" model="res.groups">
        <field name="name">Internal: Delete Own Requests</field>
        <field name="category_id" ref="base.module_category_hidden"/>
    </record>
    <record id="group_internal_manager" model="res.groups">
        <field name="name">Internal: Team Manager</field>
        <field name="category_id" ref="base.module_category_hidden"/>
    </record>
    <record id="group_internal_admin" model="res.groups">
        <field name="name">Internal: Administrator</field>
        <field name="category_id" ref="base.module_category_hidden"/>
    </record>
    <record id="group_internal_config" model="res.groups">
        <field name="name">Settings: Internal Request</field>
        <field name="category_id" ref="base.module_category_hidden"/>
    </record>
    <record id="group_vendor_partner" model="res.groups">
        <field name="name">Vendor partner</field>
        <field name="category_id" ref="base.module_category_hidden"/>
    </record>

    <!-- Full access group: logic handled in model _search -->
    <record id="group_full_access_internal_request" model="res.groups">
        <field name="name">full access see the internal request</field>
        <field name="category_id" ref="base.module_category_hidden"/>
    </record>
</odoo>
