id,name,model_id:id,group_id:id,perm_read,perm_write,perm_create,perm_unlink
access_ad_internal_request,ad.internal.request,model_ad_internal_request,,1,1,1,1
access_ad_internal_request_approval,ad.internal.request.approval,model_ad_internal_request_approval,,1,1,1,1
access_ad_request_stage,ad.internal.request.stage,model_ad_internal_request_stage,,1,1,1,1
access_ad_request_type,ad.internal.request.type,model_ad_internal_request_type,,1,1,1,1
access_ad_request_type_approver,ad.internal.request.type.approver,model_ad_internal_request_type_approver,,1,1,1,1
access_request_product_lines,request.product.lines,model_request_product_lines,,1,1,1,1
access_sub_stage,sub.stage,model_sub_stage,,1,1,1,1
access_ad_internal_request_reject_wizard,ad.internal.request.reject.wizard,model_ad_internal_request_reject_wizard,,1,1,1,1
access_ad_internal_request_sub_stage_line,ad.internal.request.sub.stage.line,model_ad_internal_request_sub_stage_line,,1,1,1,1
access_ad_internal_request_sub_stage_line,ad.internal.request.sub.stage.line,model_ad_internal_request_sub_stage_line,,1,1,1,1
access_ad_direct_assignment,ad.direct.assignment,model_ad_direct_assignment,,1,1,1,1
access_ad_direct_approval,ad.direct.approval,model_ad_direct_approval,,1,1,1,1
access_ad_direct_assignment_reject_wizard,ad.direct.assignment.reject.wizard,model_ad_direct_assignment_reject_wizard,,1,1,1,1
access_ad_direct_assignment_line,ad.direct.assignment.line,model_ad_direct_assignment_line,,1,1,1,1
access_internal_request_user,access_internal_request_user,model_ad_internal_request,ad_internal_request.group_internal_user,1,0,1,0
access_internal_request_edit,access_internal_request_edit,model_ad_internal_request,ad_internal_request.group_internal_edit,1,1,0,0
access_internal_request_delete,access_internal_request_delete,model_ad_internal_request,ad_internal_request.group_internal_delete,1,0,0,1
access_internal_request_manager,access_internal_request_manager,model_ad_internal_request,ad_internal_request.group_internal_manager,1,0,1,0
access_internal_request_admin,access_internal_request_admin,model_ad_internal_request,ad_internal_request.group_internal_admin,1,1,1,1
access_ad_installments_wizard,ad_installments_wizard,model_ad_installments_wizard,,1,1,1,1
access_installment_line,installment.line,model_installment_line,,1,1,1,1
access_reimbursement_request,reimbursement.request,model_reimbursement_request,base.group_user,1,1,1,1
access_reimbursement_request_product_line,reimbursement.request.product.line,model_reimbursement_request_product_line,base.group_user,1,1,1,1
access_ad_stage_required_complete,access_ad_stage_required_complete,model_ad_stage_required_complete,,1,0,1,0
access_reimbursement_stage_line,access.reimbursement.stage.line,model_reimbursement_stage_line,,1,1,1,1
access_reimbursement_stage,reimbursement.stage,model_reimbursement_stage,,1,1,1,1
access_stock_warehouse_manager.config,stock.warehouse.manager.config,model_stock_warehouse_manager_config,,1,1,1,1
