id,name,model_id:id,group_id:id,perm_read,perm_write,perm_create,perm_unlink
access_dw_stage_approve_user,dw.stage.approve user,model_dw_stage_approve,base.group_user,1,1,1,1
access_dw_stage_approve_line_user,dw.stage.approve.line user,model_dw_stage_approve_line,base.group_user,1,1,1,1
access_stage_stock_picking_user,stage.stock.picking user,model_stage_stock_picking,base.group_user,1,1,1,1
access_stage_dw_reason_rejected,dw.reason.rejected user,model_dw_reason_rejected,base.group_user,1,1,1,1
access_dw_stock_picking_reject_wizard,dw_stock_picking_reject_wizard user,model_dw_stock_picking_reject_wizard,base.group_user,1,1,1,1
