<?xml version="1.0" encoding="utf-8"?>
<odoo>
  <!-- Full template: legend above bars + two doughnuts -->
  <t t-name="vs_my_dashboard_template" owl="1">
    <div class="o_action o_view_controller">

      <!-- Control Panel (header) -->
      <div class="o_control_panel" style="padding:12px 12px 0;">
        <div class="d-flex align-items-center flex-wrap gap-2 mt-2">
          <div class="text-muted" style="font-size:12px;">Choose a tab to open its dashboard.</div>

          <div class="ms-auto d-flex align-items-center gap-2">
            <label class="fw-bold">Budget:</label>
            <select class="form-select" style="min-width:280px" t-on-change="onBudgetChange">
              <t t-foreach="state.budgets" t-as="b" t-key="b.id">
                <option t-att-value="b.id"
                        t-att-selected="b.id === state.selectedBudgetId ? true : undefined"
                        t-esc="b.name"/>
              </t>
            </select>
          </div>
        </div>
      </div>

      <!-- All scrollable content must live inside .o_content -->
      <div class="o_content" style="padding:12px;">
        <section class="p-0">

          <!-- Tip on first open -->
          <div class="alert alert-info" t-if="state.justOpened">
            Select a tab to get started.
          </div>

          <!-- BAR CARD: legend placed ABOVE bars inside header -->
          <div class="card shadow-sm" style="height: 440px;" t-if="state.active === 'finance'">
            <div class="card-body">
              <div class="d-flex justify-content-between align-items-center mb-2">
                <h5 class="card-title mb-0">
                  Analytic Accounts — Planned / Practical / Reserved / Remaining
                </h5>
                <!-- Shared legend rendered by JS -->
                <div class="d-flex align-items-center flex-wrap gap-3" t-ref="sharedLegend"></div>
              </div>

              <div class="text-muted mb-2" t-if="!state.labels.length">
                No data for the selected budget.
              </div>
              <div style="position:relative; width:100%; height:360px;">
                <canvas t-ref="chartCanvas"></canvas>
              </div>
            </div>
          </div>

          <!-- DOUGHNUTS: Practical & Planned side-by-side -->
          <div class="card shadow-sm mt-2" t-if="state.active === 'finance'">
            <div class="card-body">
              <div class="row g-3">
                <!-- Practical -->
                <div class="col-12 col-lg-6">
                  <h6 class="mb-2">Distribution — Practical Amount</h6>
                  <div class="text-muted mb-2" t-if="!state.labels.length">No data for the selected budget.</div>
                  <div style="position:relative; width:100%; height:360px;">
                    <canvas t-ref="piePractical"></canvas>
                  </div>
                </div>

                <!-- Planned -->
                <div class="col-12 col-lg-6">
                  <h6 class="mb-2">Distribution — Planned Amount</h6>
                  <div class="text-muted mb-2" t-if="!state.labels.length">No data for the selected budget.</div>
                  <div style="position:relative; width:100%; height:360px;">
                    <canvas t-ref="piePlanned"></canvas>
                  </div>
                </div>
              </div>
            </div>
          </div>

        </section>
      </div>
    </div>
  </t>
</odoo>
