<odoo>
    <!-- 1. تعريف المجموعات -->
    <record id="group_investment_user" model="res.groups">
        <field name="name">Investment: Own Requests Only</field>
        <field name="category_id" ref="base.module_category_hidden"/>
    </record>
    <record id="group_investment_manager" model="res.groups">
        <field name="name">Investment: Team Manager</field>
        <field name="category_id" ref="base.module_category_hidden"/>
    </record>
    <record id="group_investment_admin" model="res.groups">
        <field name="name">Investment: Administrator</field>
        <field name="category_id" ref="base.module_category_hidden"/>
    </record>

    <record id="group_investment_edit" model="res.groups">
        <field name="name">Investment: Edit Own Requests</field>
        <field name="category_id" ref="base.module_category_hidden"/>
    </record>
    <record id="group_investment_delete" model="res.groups">
        <field name="name">Investment: Delete Own Requests</field>
        <field name="category_id" ref="base.module_category_hidden"/>
    </record>


    <!-- 2. قواعد الوصول (Record Rules) -->
    <record id="rule_investment_user" model="ir.rule">
        <field name="name">Investment – Own Requests Only</field>
        <field name="model_id" ref="model_investment_record"/>
        <field name="domain_force">[('create_uid','=',user.id)]</field>
        <field name="groups" eval="[
    (4, ref('group_investment_user')),
    (4, ref('group_investment_edit')),
    (4, ref('group_investment_delete'))
  ]"/>
    </record>

    <record id="rule_investment_manager" model="ir.rule">
        <field name="name">Investment – Team Requests</field>
        <field name="model_id" ref="model_investment_record"/>
        <field name="domain_force">
            ['|',
            ('create_uid','=',user.id),
            ('employee_id.parent_id.user_id','=',user.id)
            ]
        </field>
        <field name="groups" eval="[(4, ref('group_investment_manager'))]"/>
    </record>

    <!--    <record id="rule_investment_admin" model="ir.rule">-->
    <!--        <field name="name">Investment – All Requests</field>-->
    <!--        <field name="model_id" ref="model_investment_record"/>-->
    <!--        <field name="domain_force">[(1,'=',1)]</field>-->
    <!--        <field name="groups" eval="[(4, ref('group_investment_admin'))]"/>-->
    <!--    </record>-->

    <record id="group_attachment_expiry_notifiers" model="res.groups">
        <field name="name">Investment:Attachment Expiry Activity</field>
        <field name="category_id" ref="base.module_category_hidden"/>
    </record>
    <record id="group_payment_notifiers" model="res.groups">
        <field name="name">Investment:Payment Notification Receivers</field>
        <field name="category_id" ref="base.module_category_hidden"/>
    </record>
    <record id="group_contract_end_notifiers" model="res.groups">
        <field name="name">Investment:Contract End Notifiers</field>
        <field name="category_id" ref="base.module_category_hidden"/>

    </record>
    <record id="group_stage_approval_notifier" model="res.groups">
        <field name="name">Stage Approval Notifier</field>
        <field name="category_id" ref="base.module_category_hidden"/>
    </record>
    <record id="rule_payment_lines_own_only" model="ir.rule">
        <field name="name">Payment Lines: Own Only</field>
        <field name="model_id" ref="model_payment_lines"/>
        <field name="domain_force">[
            ('investment_id.user_id_payment','=', user.id)
            ]
        </field>
        <field name="groups" eval="[
        (4, ref('vs_investment.group_investment_user'))
    ]"/>
    </record>

    <record id="rule_payment_lines_admin_all" model="ir.rule">
        <field name="name">Payment Lines: All for Admin</field>
        <field name="model_id" ref="model_payment_lines"/>
        <field name="domain_force">[(1,'=',1)]</field>
        <field name="groups" eval="[
        (4, ref('vs_investment.group_investment_admin'))
    ]"/>
    </record>

    <record id="group_create_payments" model="res.groups">
        <field name="name">Create Payments</field>
        <field name="category_id" ref="base.module_category_hidden"/>
    </record>


</odoo>
