id,name,model_id:id,group_id:id,perm_read,perm_write,perm_create,perm_unlink
access_investment_record,investment.record,model_investment_record,base.group_user,1,1,1,1
access_investment_property,investment.property,model_investment_property,base.group_user,1,1,1,1
access_investment_contract_type,investment.contract.type,model_investment_contract_type,base.group_user,1,1,1,1
access_investment_stage,investment.stage,model_investment_stage,base.group_user,1,1,1,1
access_investment_approver_line,investment.approver.line,model_investment_approver_line,base.group_user,1,1,1,1
access_activity_type,activity.type,model_activity_type,base.group_user,1,1,1,1
access_message_type,message.type,model_message_type,base.group_user,1,1,1,1
access_res_state,res.state,model_res_state,base.group_user,1,1,1,1
access_investment_whatsapp_log,investment.whatsapp.log,model_investment_whatsapp_log,base.group_user,1,1,1,1
access_investment_whatsapp_wizard,investment.whatsapp.wizard,model_investment_whatsapp_wizard,base.group_user,1,1,1,1
access_payment_lines,payment.lines,model_payment_lines,base.group_user,1,1,1,1
access_payment_plan_config,payment.plan.config,model_payment_plan_config,base.group_user,1,1,1,1
access_property_type,property.type,model_property_type,base.group_user,1,1,1,1
access_investment_attachment,investment.attachment,model_investment_attachment,base.group_user,1,1,1,1
access_setting_investment,setting.investment,model_setting_investment,base.group_user,1,1,1,1
access_summary_type,summary.type,model_summary_type,base.group_user,1,1,1,1
access_summary_file,summary.file,model_summary_file,base.group_user,1,1,1,1
access_investment_reject_stage_wizard,investment.reject.stage.wizard,model_investment_reject_stage_wizard,base.group_user,1,1,1,1
access_investment_record_user,access_investment_record_user,model_investment_record,vs_investment.group_investment_user,1,0,1,0
access_investment_record_manager,access_investment_record_manager,model_investment_record,vs_investment.group_investment_manager,1,0,1,0
access_investment_record_admin,access_investment_record_admin,model_investment_record,vs_investment.group_investment_admin,1,1,1,1
access_investment_cancel_wizard,access_investment_cancel_wizard,model_investment_cancel_wizard,,1,1,1,1
access_investment_record_edit,access_investment_record_edit,model_investment_record,vs_investment.group_investment_edit,1,1,0,0
access_investment_record_delete,access_investment_record_delete,model_investment_record,vs_investment.group_investment_delete,1,0,0,1
access_investment_property_attachment,investment.property.attachment,model_investment_property_attachment,,1,1,1,1