<?xml version="1.0" encoding="UTF-8"?>
<templates xml:space="preserve">
  <t t-name="multi_service.ServiceDashboardTemplate" owl="1">
    <div class="o_action o_view_controller">
      <div class="o_content">
        <section class="p-4">
          <h3 class="mb-3">لوحة الخدمات</h3>

          <!-- Cards -->
          <div class="row g-3 mb-3">
            <div class="col-12 col-md-4">
              <div class="card text-center p-3 shadow-sm"
                   style="cursor:pointer; background-color:#4aa3ff; color:white; height:120px; display:flex; align-items:center; justify-content:center;"
                   t-on-click="openNew">
                <div>
                  <h5 class="mb-1">جديد</h5>
                  <div class="display-6" t-esc="cards.new"/>
                </div>
              </div>
            </div>
            <div class="col-12 col-md-4">
              <div class="card text-center p-3 shadow-sm"
                   style="cursor:pointer; background-color:#ffd24d; color:black; height:120px; display:flex; align-items:center; justify-content:center;"
                   t-on-click="openOngoing">
                <div>
                  <h5 class="mb-1">جاري</h5>
                  <div class="display-6" t-esc="cards.ongoing"/>
                </div>
              </div>
            </div>
            <div class="col-12 col-md-4">
              <div class="card text-center p-3 shadow-sm"
                   style="cursor:pointer; background-color:#ff6b81; color:white; height:120px; display:flex; align-items:center; justify-content:center;"
                   t-on-click="openNearEnd">
                <div>
                  <h5 class="mb-1">قاربة علي الانتهاء</h5>
                  <div class="display-6" t-esc="cards.near_end"/>
                </div>
              </div>
            </div>
          </div>

          <!-- Chart -->
          <div class="card p-3 shadow-sm">
            <h5 class="mb-2">الخدمات (نوع الخدمة) </h5>
            <canvas t-ref="svcChart" height="320"></canvas>
          </div>
        </section>
      </div>
    </div>
  </t>
</templates>
