<odoo>
    <data noupdate="1">
        <record id="ir_cron_attachment_expiry" model="ir.cron">
            <field name="name">Schedule Attachment Expiry Activities</field>
            <field name="model_id" ref="model_investment_record"/>
            <field name="state">code</field>
            <field name="code">model._cron_schedule_attachment_notifications()</field>
            <field name="interval_number">1</field>
            <field name="interval_type">days</field>
            <field name="numbercall">-1</field>
            <field name="active">True</field>
        </record>
        <record id="ir_cron_payment_notify" model="ir.cron">
            <field name="name">Payment Lines → Investment Notifications</field>
            <field name="model_id" ref="model_investment_record"/>
            <field name="state">code</field>
            <field name="code">model._cron_schedule_payment_notifications()</field>
            <field name="interval_number">1</field>
            <field name="interval_type">days</field>
            <field name="numbercall">-1</field>
            <field name="active">True</field>
        </record>
       <record id="ir_cron_send_payment_links" model="ir.cron">
            <field name="name">Auto Send Payment Links (SMS And WhatsApp)</field>
            <field name="model_id" ref="model_payment_lines"/>
            <field name="state">code</field>
            <field name="code">model.cron_send_payment_links()</field>
            <field name="interval_number">1</field>
            <field name="interval_type">days</field>
            <field name="numbercall">-1</field>
            <field name="active">True</field>
        </record>
    </data>
</odoo>
