<?xml version="1.0" encoding="UTF-8" ?>
<odoo>
    <data noupdate="1">
        <record id="action_service_request_stage_id" model="service.stage">
            <field name="name">draft</field>
        </record>


        <record id="seq_service_request" model="ir.sequence">
            <field name="name">service request Sequence</field>
            <field name="code">service.request</field>
            <field name="prefix"/>
            <field name="padding">4</field>
            <field name="number_next">1</field>
            <field name="number_increment">1</field>
            <field name="implementation">no_gap</field>
        </record>

        <record id="service_request_allowed_users_rule" model="ir.rule">
            <field name="name">Service Request: Allowed Users Only</field>
            <field name="model_id" ref="multi_service.model_service_request"/>
            <field name="domain_force">
                [('service_type_id.allowed_user_ids', 'in', [user.id])]
            </field>
            <field name="groups" eval="[(4, ref('base.group_user'))]"/>
            <field name="perm_read" eval="True"/>
            <field name="perm_write" eval="True"/>
            <field name="perm_create" eval="True"/>
            <field name="perm_unlink" eval="False"/>
        </record>
         <record id="ir_cron_stage" model="ir.cron">
        <field name="name">Check Stage</field>
        <field name="model_id" ref="multi_service.model_service_request"/>
        <field name="state">code</field>
        <field name="code">model.check_stage_date()</field>
        <field name="interval_number">1</field>
        <field name="interval_type">days</field>
        <field name="numbercall">-1</field>
    </record>


    </data>
</odoo>