id,name,model_id:id,group_id:id,perm_read,perm_write,perm_create,perm_unlink
access_service_category_user,access.service.category,model_service_category,,1,1,1,1
access_sub_service_category_user,access.sub.service.category,model_sub_service_category,,1,1,1,1
access_service_type_user,access.service.type,model_service_type,,1,1,1,1
access_service_approver_user,access.service_approver,model_service_approver,,1,1,1,1
access_service_request_user,access.service_request,model_service_request,,1,1,1,1
access_service_configuration_user,access.service.configuration,model_service_configuration,,1,1,1,1
access_service_category_config_user,access.service_category_config,model_service_category_config,,1,1,1,1
access_service_category_approver_config_user,service_category_approver_config,model_service_category_approver_config,,1,1,1,1
access_res_country_government,service_res_country_government,model_res_country_government,,1,1,1,1
access_document_type_user,access.document.type.user,model_document_type,,1,1,1,0
access_attachment_document_request,attachment_document_request,model_attachment_document_request,,1,1,1,1
access_service_stage,service.stage,model_service_stage,,1,1,1,1
access_service_request_response_line,service.request.response.line,model_service_request_response_line,,1,1,1,1
access_add_response_wizard,add.response.wizard,model_add_response_wizard,,1,1,1,1
access_add_response_wizard_button,add.response.wizard.button,model_add_response_wizard_button,,1,1,1,1
access_res_state_village,res_state_village,model_res_state_village,,1,1,1,1
access_mobile_notification,mobile_notification,model_mobile_notification,,1,1,1,1





