<t t-name="template_vs_investment_dashboard" owl="1">
    <section class="p-4 dashboard-scrollable">
        <h4 class="mt-5 mb-3 fw-bold">💰revenue</h4>
        <div class="row mb-3 g-3">

            <!-- Expected Revenue -->
            <div class="col-md-4">
                <div class="card text-center p-3 shadow rounded-3 border-0"
                     t-on-click="() => openPaymentList('expected')"

                     style="background-color: #f3e5f5; height: 200px; cursor: pointer;">
                    <div class="d-flex flex-column h-100 justify-content-center">
                        <h5 class="text-purple mb-2">Expected Revenue (This Month)</h5>
                        <p class="display-6 fw-semibold text-purple m-0">
                            <t t-esc="paymentStats.expected_month.toFixed(2)"/>
                            ر.ع
                        </p>
                        <small class="text-muted">Unpaid in current month</small>
                    </div>
                </div>
            </div>

            <!-- Actual Revenue -->
            <div class="col-md-4">
                <div class="card text-center p-3 shadow rounded-3 border-0" t-on-click="() => openPaymentList('actual')"
                     style="background-color: #e8f5e9; height: 200px; cursor: pointer;">
                    <div class="d-flex flex-column h-100 justify-content-center">
                        <h5 class="text-success mb-2">Actual Revenue (This Month)</h5>
                        <p class="display-6 fw-semibold text-success m-0">
                            <t t-esc="paymentStats.actual_month.toFixed(2)"/>
                           ر.ع
                        </p>
                        <small class="text-muted">Paid in current month</small>
                    </div>
                </div>
            </div>

            <!-- Total Annual Revenue -->
            <div class="col-md-4">
                <div class="card text-center p-3 shadow rounded-3 border-0"
                     t-on-click="() => openPaymentList('total_annual')"
                     style="background-color: #fff3e0; height: 200px; cursor: pointer;">
                    <div class="d-flex flex-column h-100 justify-content-center">
                        <h5 class="text-warning mb-2">Total Revenue (This Year)</h5>
                        <p class="display-6 fw-semibold text-warning m-0">
                            <t t-esc="paymentStats.total_annual.toFixed(2)"/>
                           ر.ع
                        </p>
                        <small class="text-muted">Total paid since Jan 1</small>
                    </div>
                </div>
            </div>

        </div>
        <div class="d-flex flex-wrap justify-content-between mt-4 gap-3">
            <!-- Bar Chart -->
            <div style="flex: 1; min-width: 400px;">
                <canvas t-ref="revenueChart" width="400" height="250"></canvas>
            </div>

            <!-- Line Chart -->
            <div style="flex: 1; min-width: 400px;">
                <canvas t-ref="revenueLineChart" width="400" height="250"></canvas>
            </div>
        </div>

        <h4 class="mt-4 mb-3 fw-bold">📊 Contracts by Stage Type</h4>
        <div class="row mb-3 g-3">

            <!-- Active Contracts -->
            <div class="col-md-4">
                <div t-on-click="() => openFilteredList('active')"
                     class="card text-center p-3 shadow rounded-3 border-0"
                     style="background-color: #e0f7fa; height: 200px; cursor: pointer;">
                    <div class="d-flex flex-column h-100 justify-content-center">
                        <h5 class="text-info mb-2">Active Contracts</h5>
                        <p class="display-5 fw-semibold text-info m-0">
                            <t t-esc="activeCount or 0"/>
                        </p>
                        <small class="text-muted">Active</small>
                    </div>
                </div>
            </div>

            <!-- Expired Contracts -->
            <div class="col-md-4">
                <div t-on-click="() => openFilteredList('expired')"
                     class="card text-center p-3 shadow rounded-3 border-0"
                     style="background-color: #ffebee; height: 200px; cursor: pointer;">
                    <div class="d-flex flex-column h-100 justify-content-center">
                        <h5 class="text-danger mb-2">Expired Contracts</h5>
                        <p class="display-5 fw-semibold text-danger m-0">
                            <t t-esc="expiredCount or 0"/>
                        </p>
                        <small class="text-muted">Expired</small>
                    </div>
                </div>
            </div>

            <!-- Signing Contracts -->
            <div class="col-md-4">
                <div t-on-click="() => openFilteredList('signing')"
                     class="card text-center p-3 shadow rounded-3 border-0"
                     style="background-color: #fff8e1; height: 200px; cursor: pointer;">
                    <div class="d-flex flex-column h-100 justify-content-center">
                        <h5 class="text-warning mb-2">Signing Contracts</h5>
                        <p class="display-5 fw-semibold text-warning m-0">
                            <t t-esc="signingCount or 0"/>
                        </p>
                        <small class="text-muted">Signing</small>
                    </div>
                </div>
            </div>

        </div>
        <!-- 🔹 Properties Section -->
        <h4 class="mt-5 mb-3 fw-bold">🏠 Properties Overview</h4>
        <div class="row mb-3 g-3">

            <!-- Rented Properties -->
            <div class="col-md-6">
                <div t-on-click="() => openPropertyList('rented') "
                     class="card text-center p-3 shadow rounded-3 border-0"
                     style="background-color: #e8f5e9; height: 200px;cursor: pointer;">
                    <div class="d-flex flex-column h-100 justify-content-center">
                        <h5 class="text-success mb-2">Rented Properties</h5>
                        <p class="display-5 fw-semibold text-success m-0">
                            <t t-esc="propertyStats.rented or 0"/>
                        </p>

                        <small class="text-muted">Currently under active contracts</small>
                    </div>
                </div>
            </div>

            <!-- Available Properties -->
            <div class="col-md-6">
                <div class="card text-center p-3 shadow rounded-3 border-0"
                     t-on-click="() => openPropertyList('available')"
                     style="background-color: #fff3e0; height: 200px; cursor: pointer;">
                    <div class="d-flex flex-column h-100 justify-content-center">
                        <h5 class="text-warning mb-2">Available Properties</h5>
                        <!-- Available Properties -->
                        <p class="display-5 fw-semibold text-warning m-0">
                            <t t-esc="propertyStats.available or 0"/>
                        </p>

                        <small class="text-muted">Not linked to active contracts</small>
                    </div>
                </div>
            </div>
        </div>

        <!-- 💰 Payments Section -->
        <h4 class="mt-5 mb-3 fw-bold">💰 Payments Overview</h4>
        <div class="row mb-3 g-3">

            <!-- Total Payments -->
            <div class="col-md-6">
                <div class="card text-center p-3 shadow rounded-3 border-0" t-on-click="() => openPaymentList('total')"
                     style="background-color: #e3f2fd; height: 200px; cursor: pointer;">
                    <div class="d-flex flex-column h-100 justify-content-center">
                        <h5 class="text-primary mb-2">Total Payments</h5>
                        <p class="display-5 fw-semibold text-primary m-0">
                            <t t-esc="paymentStats.total or 0"/>
                        </p>
                        <small class="text-muted">All scheduled payments</small>
                    </div>
                </div>
            </div>

            <!-- Overdue Payments -->
            <div class="col-md-6">
                <div class="card text-center p-3 shadow rounded-3 border-0"
                     t-on-click="() => openPaymentList('overdue')"

                     style="background-color: #fdecea; height: 200px; cursor: pointer;">
                    <div class="d-flex flex-column h-100 justify-content-center">
                        <h5 class="text-danger mb-2">Overdue Payments</h5>
                        <p class="display-5 fw-semibold text-danger m-0">
                            <t t-esc="paymentStats.overdue or 0"/>
                        </p>
                        <small class="text-muted">Past due and unpaid</small>
                    </div>
                </div>
            </div>

        </div>
        <!-- Revenue Chart -->
        <!-- Revenue Chart -->


    </section>

</t>
