<?xml version="1.0" encoding="UTF-8" ?>
<templates xml:space="preserve">
    <t t-name="vs_investment.GoogleMapPickerWidget" owl="1">
      <div class="o_field_widget position-relative">
        <div class="input-group">
          <input t-if="props.value"
                 t-att-value="props.value"
                 class="form-control"
                 readonly="readonly"/>
          <span class="input-group-text" style="cursor:pointer" t-on-click="openMap">
              <i class="fa fa-map-marker-alt text-primary" style="margin-left:3px;"/>
              <span style="padding-right:3px;">اختار اللوكيشن</span>
          </span>
        </div>

        <div t-if="showMap.value"
             style="position:fixed;top:0;left:0;width:100vw;height:100vh;z-index:9999;
                    background:rgba(0,0,0,0.25);display:flex;align-items:center;justify-content:center;">
          <div style="background:white;padding:16px;border-radius:12px;box-shadow:0 2px 12px #0002;max-width:95vw;">
            <input type="text" t-ref="searchInputMap" class="form-control mb-2" placeholder="ابحث عن مكان..." dir="auto"/>
            <div style="width:340px;height:340px;border-radius:8px;border:1px solid #eee;" t-ref="mapDiv"></div>
            <div class="text-end mt-2">
              <button type="button" class="btn btn-secondary btn-sm" t-on-click="closeMap">إغلاق</button>
            </div>
          </div>
        </div>

        <div class="mt-2" t-if="props.value">
          <a t-att-href="props.value" target="_blank" class="btn btn-outline-info btn-sm">
            <i class="fa fa-map-marked-alt"/> فتح الموقع في الخريطة
          </a>
        </div>
      </div>
    </t>
  </templates>








