<?xml version="1.0" encoding="UTF-8" ?>
<odoo>
    <data noupdate="1">


        <record id="seq_internal_request" model="ir.sequence">
            <field name="name">Internal Request</field>
            <field name="code">ad.internal.request</field>
            <field name="prefix"/>
            <field name="padding">4</field>
            <field name="number_next">1</field>
            <field name="number_increment">1</field>
            <field name="implementation">no_gap</field>
        </record>


         <record id="ad_direct_assignment" model="ir.sequence">
            <field name="name">Direct Assignment</field>
            <field name="code">ad.direct.assignment</field>
            <field name="prefix"/>
            <field name="padding">4</field>
            <field name="number_next">1</field>
            <field name="number_increment">1</field>
            <field name="implementation">no_gap</field>
        </record>


    </data>
</odoo>